{
  "accuracy": 0.15,
  "confusion_matrix": [
    [
      53,
      194,
      1
    ],
    [
      69,
      0,
      102
    ],
    [
      59,
      0,
      22
    ]
  ],
  "calibration": {
    "brier_score": 1.7404181869203776,
    "avg_confidence": 0.06606616864016421
  }
}