{
  "n_states": 3,
  "state_names": [
    "Focused",
    "Fatigued",
    "Distracted"
  ],
  "transition_matrix": [
    [
      0.3964237005341655,
      0.23064835677155687,
      0.37292794269427754
    ],
    [
      0.08599931806591034,
      0.8313165407572062,
      0.08268414117688344
    ],
    [
      0.317421132779546,
      0.14629152524960898,
      0.536287341970845
    ]
  ],
  "emission_parameters": {
    "Focused": {
      "mean": [
        1.4500458804220955,
        1.016723080505475
      ],
      "covariance": [
        [
          0.775042603190013,
          0.0285925016302236
        ],
        [
          0.0285925016302236,
          0.7460426703385078
        ]
      ]
    },
    "Fatigued": {
      "mean": [
        -0.6506489538498871,
        -0.7974768912140608
      ],
      "covariance": [
        [
          0.16646536244407273,
          -0.004115311429631933
        ],
        [
          -0.004115311429631934,
          0.04814390769878797
        ]
      ]
    },
    "Distracted": {
      "mean": [
        0.11351189075190199,
        0.7525974546441304
      ],
      "covariance": [
        [
          0.2814885844818089,
          -0.041544242516422226
        ],
        [
          -0.041544242516422226,
          0.4275857877338882
        ]
      ]
    }
  }
}