{
  "mean": [
    578.9249289151708,
    0.12563996037598213
  ],
  "std": [
    193.65456278908022,
    0.09509745663106015
  ],
  "features": [
    "reaction_time",
    "error_rate"
  ]
}